GHG Reduction;Renewable Energy;+;2;The implementation of GHG reduction targets can reinforce the development of renewable energy sources, as reducing emissions can create an environment where renewable energy can thrive.
GHG Reduction;Energy Efficiency;+;2;Reducing GHG emissions can also reinforce energy efficiency measures, as a reduction in energy consumption can lead to lower emissions.
GHG Reduction;Energy Infrastructure;+;2;The reduction of GHG emissions can also lead to the development of new energy infrastructure, enabling the integration of renewable energy sources into the grid.
Renewable Energy;Energy Efficiency;+;2;The development of renewable energy can enable energy efficiency measures, such as smart grids and energy storage, to optimize energy distribution and consumption.
Renewable Energy;Energy Infrastructure;+;2;The expansion of renewable energy can drive the development of new energy infrastructure, including transmission and distribution networks, to support the integration of renewable energy sources.
Renewable Energy;Hydrogen Distribution;+;1;The production of renewable energy can create conditions for the development of hydrogen distribution infrastructure, enabling the use of hydrogen as a low-carbon fuel.
Renewable Energy;Urban Mobility;+;1;The integration of renewable energy into urban mobility can create conditions for the development of low-carbon transportation systems, including electric and hybrid vehicles.
Energy Efficiency;Energy Infrastructure;+;2;Energy efficiency measures can reinforce the development of energy infrastructure, enabling the optimization of energy distribution and consumption.
Energy Efficiency;Social Security - Energy;+;1;Energy efficiency measures can create conditions for social security policies, ensuring that energy poverty is addressed and vulnerable populations have access to affordable energy.
Energy Infrastructure;Hydrogen Distribution;+;1;The development of energy infrastructure can create conditions for the distribution of hydrogen, enabling its use as a low-carbon fuel.
Energy Infrastructure;Urban Mobility;+;1;The expansion of energy infrastructure can enable the development of urban mobility systems, including low-carbon transportation options.
Hydrogen Distribution;Urban Mobility;+;1;The distribution of hydrogen can create conditions for the development of low-carbon transportation systems, including fuel cell vehicles.
Social Security - Energy;Urban Mobility;+;1;Social security policies can create conditions for the development of urban mobility systems, ensuring that vulnerable populations have access to affordable and low-carbon transportation options.
Renewable Energy - Heating & Cooling;Renewable Energy - Hydrogen Production;+;2;The development of renewable energy for heating and cooling can reinforce the production of renewable hydrogen, enabling the use of low-carbon fuels for energy generation.
Renewable Energy - Hydrogen Production;Energy Efficiency - Buildings;+;2;The production of renewable hydrogen can enable energy efficiency measures in buildings, optimizing energy consumption and reducing emissions.
Renewable Energy - Ocean/Offshore;Renewable Energy - Solar;+;2;The development of offshore renewable energy can reinforce the development of solar energy, enabling the integration of renewable energy sources into the energy mix.
Renewable Energy - Solar;Energy Efficiency;+;2;The development of solar energy can enable energy efficiency measures, optimizing energy distribution and consumption.
Renewable Energy - Solar;Energy Infrastructure;+;2;The expansion of solar energy can drive the development of new energy infrastructure, including transmission and distribution networks, to support the integration of renewable energy sources.